[
  {
    "id": "synth_lead",
    "name": "Cyber-Lead",
    "config": {
      "oscillator": { "type": "sawtooth" },
      "envelope": {
        "attack": 0.02,
        "decay": 0.1,
        "sustain": 0.6,
        "release": 0.5
      },
      "filter": { "type": "lowpass", "frequency": 2000, "q": 1 }
    }
  },
  {
    "id": "synth_pad",
    "name": "Galactic Pad",
    "config": {
      "oscillator": { "type": "sine" },
      "envelope": { "attack": 0.5, "decay": 1, "sustain": 0.8, "release": 2 },
      "chorus": { "frequency": 1.5, "delayTime": 3.5, "depth": 0.7 }
    }
  },
  {
    "id": "bass_808",
    "name": "808 Sub",
    "config": {
      "oscillator": { "type": "sine" },
      "envelope": {
        "attack": 0.01,
        "decay": 0.2,
        "sustain": 0.1,
        "release": 0.1
      },
      "filter": { "type": "lowpass", "frequency": 200, "q": 1 }
    }
  },
  {
    "id": "drum_kick",
    "name": "Rumble Kick",
    "config": {
      "oscillator": { "type": "sine" },
      "envelope": {
        "attack": 0.005,
        "decay": 0.1,
        "sustain": 0,
        "release": 0.1
      }
    }
  },
  {
    "id": "drum_snare",
    "name": "Glitch Snare",
    "config": {
      "noise": { "type": "white" },
      "envelope": {
        "attack": 0.005,
        "decay": 0.1,
        "sustain": 0,
        "release": 0.1
      }
    }
  },
  {
    "id": "drum_hat",
    "name": "Cyber-Hat",
    "config": {
      "noise": { "type": "pink" },
      "envelope": {
        "attack": 0.001,
        "decay": 0.05,
        "sustain": 0,
        "release": 0.05
      },
      "filter": { "type": "highpass", "frequency": 5000, "q": 1 }
    }
  }
]
